<isatab-config-file xmlns="http://www.ebi.ac.uk/bii/isatab_configuration#"><isatab-configuration table-name="MNT_assay" isatab-assay-type="generic_assay" isatab-conversion-target="generic"><measurement term-label="various" term-accession="" source-abbreviation=""/><technology term-label="nano" term-accession="" source-abbreviation=""/><field header="Sample Name" data-type="String" is-file-field="false" is-multiple-value="false" is-required="true" is-hidden="false" is-forced-ontology="false"><description><![CDATA[MNT Sample Name]]></description><default-value><![CDATA[]]></default-value></field><field header="Assay Name" data-type="String" is-file-field="false" is-multiple-value="false" is-required="true" is-hidden="false" is-forced-ontology="false"><description><![CDATA[MNT]]></description><default-value><![CDATA[]]></default-value></field><structured-field name="factors"/><field header="Characteristics[Particle Code/Control]" data-type="String" is-file-field="false" is-multiple-value="false" is-required="false" is-hidden="false" is-forced-ontology="false"><description><![CDATA[MNT]]></description><default-value><![CDATA[]]></default-value></field><field header="Characteristics[Biotarget]" data-type="String" is-file-field="false" is-multiple-value="false" is-required="false" is-hidden="false" is-forced-ontology="false"><description><![CDATA[MNT]]></description><default-value><![CDATA[]]></default-value></field><field header="Characteristics[Duration]" data-type="String" is-file-field="false" is-multiple-value="false" is-required="false" is-hidden="false" is-forced-ontology="false"><description><![CDATA[Duration]]></description><default-value><![CDATA[]]></default-value></field><field header="Characteristics[Concentration]" data-type="String" is-file-field="false" is-multiple-value="false" is-required="false" is-hidden="false" is-forced-ontology="false"><description><![CDATA[Concentration]]></description><default-value><![CDATA[]]></default-value></field><field header="Characteristics[Variability (SD)]" data-type="String" is-file-field="false" is-multiple-value="false" is-required="false" is-hidden="false" is-forced-ontology="false"><description><![CDATA[Variability (SD)]]></description><default-value><![CDATA[]]></default-value></field><field header="Characteristics[[Units]]" data-type="String" is-file-field="false" is-multiple-value="false" is-required="false" is-hidden="false" is-forced-ontology="false"><description><![CDATA[[Units]]]></description><default-value><![CDATA[]]></default-value></field><field header="Characteristics[Assay]" data-type="String" is-file-field="false" is-multiple-value="false" is-required="false" is-hidden="false" is-forced-ontology="false"><description><![CDATA[Assay]]></description><default-value><![CDATA[]]></default-value></field><field header="Characteristics[Assay Variable]" data-type="String" is-file-field="false" is-multiple-value="false" is-required="false" is-hidden="false" is-forced-ontology="false"><description><![CDATA[Assay Variable]]></description><default-value><![CDATA[]]></default-value></field><field header="Characteristics[Endpoint (units)]" data-type="String" is-file-field="false" is-multiple-value="false" is-required="false" is-hidden="false" is-forced-ontology="false"><description><![CDATA[Endpoint (units)]]></description><default-value><![CDATA[]]></default-value></field><field header="Characteristics[N]" data-type="Integer" is-file-field="false" is-multiple-value="false" is-required="false" is-hidden="false" is-forced-ontology="false"><description><![CDATA[N]]></description><default-value><![CDATA[]]></default-value></field><field header="Characteristics[p]" data-type="String" is-file-field="false" is-multiple-value="false" is-required="false" is-hidden="false" is-forced-ontology="false"><description><![CDATA[p]]></description><default-value><![CDATA[]]></default-value></field><field header="Characteristics[Outcome]" data-type="String" is-file-field="false" is-multiple-value="false" is-required="false" is-hidden="false" is-forced-ontology="false"><description><![CDATA[Outcome]]></description><default-value><![CDATA[]]></default-value></field><field header="Characteristics[Variability (SD) value]" data-type="String" is-file-field="false" is-multiple-value="false" is-required="false" is-hidden="false" is-forced-ontology="false"><description><![CDATA[Variability (SD) value]]></description><default-value><![CDATA[]]></default-value></field><field header="Comment[Calculation Details]" data-type="String" is-file-field="false" is-multiple-value="false" is-required="false" is-hidden="false" is-forced-ontology="false"><description><![CDATA[Calculation Details]]></description><default-value><![CDATA[]]></default-value></field><field header="Comment[Author Derived Outcome]" data-type="String" is-file-field="false" is-multiple-value="false" is-required="false" is-hidden="false" is-forced-ontology="false"><description><![CDATA[Author Derived Outcome]]></description><default-value><![CDATA[]]></default-value></field></isatab-configuration></isatab-config-file>