<isatab-config-file xmlns="http://www.ebi.ac.uk/bii/isatab_configuration#"><isatab-configuration table-name="MNT_study"><measurement term-label="[Sample]" term-accession="" source-abbreviation=""/><technology term-label="" term-accession="" source-abbreviation=""/><field header="Source Name" data-type="Integer" is-file-field="false" is-multiple-value="false" is-required="true" is-hidden="false" is-forced-ontology="false"><description><![CDATA[MNT study details]]></description><default-value><![CDATA[]]></default-value></field><field header="Sample Name" data-type="String" is-file-field="false" is-multiple-value="false" is-required="true" is-hidden="false" is-forced-ontology="false"><description><![CDATA[Assay Name]]></description><default-value><![CDATA[]]></default-value></field><field header="Characteristics[Binomial]" data-type="String" is-file-field="false" is-multiple-value="false" is-required="false" is-hidden="false" is-forced-ontology="false"><description><![CDATA[MNT]]></description><default-value><![CDATA[]]></default-value></field><field header="Characteristics[Common Name]" data-type="String" is-file-field="false" is-multiple-value="false" is-required="false" is-hidden="false" is-forced-ontology="false"><description><![CDATA[MNT]]></description><default-value><![CDATA[]]></default-value></field><field header="Characteristics[source]" data-type="String" is-file-field="false" is-multiple-value="false" is-required="false" is-hidden="false" is-forced-ontology="false"><description><![CDATA[MNT]]></description><default-value><![CDATA[]]></default-value></field><field header="Characteristics[Gender]" data-type="String" is-file-field="false" is-multiple-value="false" is-required="false" is-hidden="false" is-forced-ontology="false"><description><![CDATA[MNT]]></description><default-value><![CDATA[]]></default-value></field><field header="Characteristics[Maintenance and Preparation]" data-type="String" is-file-field="false" is-multiple-value="false" is-required="false" is-hidden="false" is-forced-ontology="false"><description><![CDATA[MNT]]></description><default-value><![CDATA[]]></default-value></field><field header="Characteristics[Media]" data-type="String" is-file-field="false" is-multiple-value="false" is-required="false" is-hidden="false" is-forced-ontology="false"><description><![CDATA[MNT]]></description><default-value><![CDATA[]]></default-value></field><field header="Characteristics[Illumination (photoperiod)]" data-type="String" is-file-field="false" is-multiple-value="false" is-required="false" is-hidden="false" is-forced-ontology="false"><description><![CDATA[MNT]]></description><default-value><![CDATA[]]></default-value></field><field header="Characteristics[Illumination (flux)]" data-type="String" is-file-field="false" is-multiple-value="false" is-required="false" is-hidden="false" is-forced-ontology="false"><description><![CDATA[MNT]]></description><default-value><![CDATA[]]></default-value></field><field header="Characteristics[Temperature]" data-type="String" is-file-field="false" is-multiple-value="false" is-required="false" is-hidden="false" is-forced-ontology="false"><description><![CDATA[MNT]]></description><default-value><![CDATA[]]></default-value></field><field header="Characteristics[Agitation]" data-type="String" is-file-field="false" is-multiple-value="false" is-required="false" is-hidden="false" is-forced-ontology="false"><description><![CDATA[MNT]]></description><default-value><![CDATA[]]></default-value></field><field header="Characteristics[pH]" data-type="String" is-file-field="false" is-multiple-value="false" is-required="false" is-hidden="false" is-forced-ontology="false"><description><![CDATA[MNT]]></description><default-value><![CDATA[]]></default-value></field><field header="Characteristics[Exposure Route]" data-type="String" is-file-field="false" is-multiple-value="false" is-required="false" is-hidden="false" is-forced-ontology="false"><description><![CDATA[MNT]]></description><default-value><![CDATA[]]></default-value></field><field header="Characteristics[Exposure Duration]" data-type="String" is-file-field="false" is-multiple-value="false" is-required="false" is-hidden="false" is-forced-ontology="false"><description><![CDATA[MNT]]></description><default-value><![CDATA[]]></default-value></field><field header="Characteristics[Depuration Duration ]" data-type="String" is-file-field="false" is-multiple-value="false" is-required="false" is-hidden="false" is-forced-ontology="false"><description><![CDATA[MNT]]></description><default-value><![CDATA[]]></default-value></field><field header="Characteristics[Endpoints Measured]" data-type="String" is-file-field="false" is-multiple-value="false" is-required="false" is-hidden="false" is-forced-ontology="false"><description><![CDATA[Endpoints Measured]]></description><default-value><![CDATA[]]></default-value></field><field header="Characteristics[Endpoint method]" data-type="String" is-file-field="false" is-multiple-value="false" is-required="false" is-hidden="false" is-forced-ontology="false"><description><![CDATA[Endpoint method]]></description><default-value><![CDATA[]]></default-value></field><field header="Characteristics[Controls Included]" data-type="String" is-file-field="false" is-multiple-value="false" is-required="false" is-hidden="false" is-forced-ontology="false"><description><![CDATA[Controls Included]]></description><default-value><![CDATA[]]></default-value></field><structured-field name="characteristics"/><structured-field name="factors"/></isatab-configuration></isatab-config-file>