<isatab-config-file xmlns="http://www.ebi.ac.uk/bii/isatab_configuration#"><isatab-configuration table-name="MNT_material"><measurement term-label="[Sample]" term-accession="" source-abbreviation=""/><technology term-label="" term-accession="" source-abbreviation=""/><field header="Source Name" data-type="Double" is-file-field="false" is-multiple-value="false" is-required="true" is-hidden="false" is-forced-ontology="false"><description><![CDATA[Occasion]]></description><default-value><![CDATA[]]></default-value></field><field header="Sample Name" data-type="String" is-file-field="false" is-multiple-value="false" is-required="true" is-hidden="false" is-forced-ontology="false"><description><![CDATA[MNT particle details]]></description><default-value><![CDATA[]]></default-value></field><field header="Characteristics[Source]" data-type="String" is-file-field="false" is-multiple-value="false" is-required="false" is-hidden="false" is-forced-ontology="false"><description><![CDATA[Source]]></description><default-value><![CDATA[]]></default-value></field><field header="Characteristics[Name / Batch No.]" data-type="String" is-file-field="false" is-multiple-value="false" is-required="false" is-hidden="false" is-forced-ontology="false"><description><![CDATA[Name / Batch No.]]></description><default-value><![CDATA[]]></default-value></field><field header="Characteristics[Core Chemistry]" data-type="String" is-file-field="false" is-multiple-value="false" is-required="false" is-hidden="false" is-forced-ontology="false"><description><![CDATA[Core Chemistry]]></description><default-value><![CDATA[]]></default-value></field><field header="Characteristics[Shell Chemistry]" data-type="String" is-file-field="false" is-multiple-value="false" is-required="false" is-hidden="false" is-forced-ontology="false"><description><![CDATA[Shell Chemistry]]></description><default-value><![CDATA[]]></default-value></field><field header="Characteristics[Surface Modification]" data-type="String" is-file-field="false" is-multiple-value="false" is-required="false" is-hidden="false" is-forced-ontology="false"><description><![CDATA[Surface Modification]]></description><default-value><![CDATA[]]></default-value></field><field header="Characteristics[Size (nm)]" data-type="Double" is-file-field="false" is-multiple-value="false" is-required="false" is-hidden="false" is-forced-ontology="false"><description><![CDATA[Size (nm)]]></description><default-value><![CDATA[]]></default-value></field><field header="Characteristics[Shape]" data-type="String" is-file-field="false" is-multiple-value="false" is-required="false" is-hidden="false" is-forced-ontology="false"><description><![CDATA[Shape]]></description><default-value><![CDATA[]]></default-value></field><field header="Characteristics[Particle Code]" data-type="String" is-file-field="false" is-multiple-value="false" is-required="false" is-hidden="false" is-forced-ontology="false"><description><![CDATA[Particle Code]]></description><default-value><![CDATA[]]></default-value></field><field header="Characteristics[NP Descriptor]" data-type="String" is-file-field="false" is-multiple-value="false" is-required="false" is-hidden="false" is-forced-ontology="false"><description><![CDATA[NP Descriptor]]></description><default-value><![CDATA[]]></default-value></field><field header="Characteristics[Method]" data-type="String" is-file-field="false" is-multiple-value="false" is-required="false" is-hidden="false" is-forced-ontology="false"><description><![CDATA[Method]]></description><default-value><![CDATA[]]></default-value></field><field header="Characteristics[Particle Prep]" data-type="String" is-file-field="false" is-multiple-value="false" is-required="false" is-hidden="false" is-forced-ontology="false"><description><![CDATA[Particle Prep]]></description><default-value><![CDATA[]]></default-value></field><field header="Characteristics[Instrument]" data-type="String" is-file-field="false" is-multiple-value="false" is-required="false" is-hidden="false" is-forced-ontology="false"><description><![CDATA[Instrument]]></description><default-value><![CDATA[]]></default-value></field><field header="Characteristics[Medium]" data-type="String" is-file-field="false" is-multiple-value="false" is-required="false" is-hidden="false" is-forced-ontology="false"><description><![CDATA[Medium]]></description><default-value><![CDATA[]]></default-value></field><field header="Characteristics[Occasion]" data-type="String" is-file-field="false" is-multiple-value="false" is-required="false" is-hidden="false" is-forced-ontology="false"><description><![CDATA[Occasion]]></description><default-value><![CDATA[]]></default-value></field><field header="Characteristics[Measured Outcome]" data-type="String" is-file-field="false" is-multiple-value="false" is-required="false" is-hidden="false" is-forced-ontology="false"><description><![CDATA[Measured Outcome]]></description><default-value><![CDATA[]]></default-value></field><field header="Characteristics[Outcome]" data-type="String" is-file-field="false" is-multiple-value="false" is-required="false" is-hidden="false" is-forced-ontology="false"><description><![CDATA[Outcome]]></description><default-value><![CDATA[]]></default-value></field><field header="Characteristics[Measured Variability]" data-type="String" is-file-field="false" is-multiple-value="false" is-required="false" is-hidden="false" is-forced-ontology="false"><description><![CDATA[Measured Variability]]></description><default-value><![CDATA[]]></default-value></field><field header="Characteristics[Variability (SD unless stated)]" data-type="String" is-file-field="false" is-multiple-value="false" is-required="false" is-hidden="false" is-forced-ontology="false"><description><![CDATA[Variability (SD unless stated)]]></description><default-value><![CDATA[]]></default-value></field><structured-field name="characteristics"/><structured-field name="factors"/></isatab-configuration></isatab-config-file>